Sp,Country,Region,Pop,Indiv,Site,Block,Year,MISM,MISM.F1,TotSeeds.F1
Rco,NZ,S,RcoNZSA,RcoNZSA5,South,S1,2019,0.728,0.928,134887
Rco,NZ,W,RcoNZWA,RcoNZWA5,South,S3,2019,1.000,0.854,145769
Rco,UK,E,RcoUKEB,RcoUKEB5,South,S1,2019,1.318,0.751,21014
Rco,UK,Cw,RcoUKCwB,RcoUKCwB7,South,S3,2019,0.913,1.098,NA
Rco,UK,Cw,RcoUKCwC,RcoUKCwC10,South,S3,2019,1.364,1.065,182048
Rco,NZ,S,RcoNZSA,RcoNZSA3,South,S2,2019,1.040,1.035,210651
Rco,UK,G,RcoUKGB,RcoUKGB2,South,S3,2019,1.130,0.873,264335
Rco,NZ,S,RcoNZSC,RcoNZSC2,South,S3,2019,1.314,1.005,61268
Rco,UK,E,RcoUKEA,RcoUKEA3,South,S3,2019,1.000,0.647,29062
Rco,UK,Cb,RcoUKCbD,RcoUKCbD3,South,S3,2019,1.100,1.098,82711
Rco,UK,E,RcoUKEA,RcoUKEA5,South,S3,2019,1.250,0.799,15931
Rco,NZ,S,RcoNZSA,RcoNZSA2,South,S2,2019,0.636,0.922,233267
Rco,NZ,S,RcoNZSA,RcoNZSA2,South,S3,2019,0.636,0.890,161697
Rco,UK,Cw,RcoUKCwB,RcoUKCwB4,South,S3,2019,1.152,1.066,163748
Rco,UK,Cw,RcoUKCwB,RcoUKCwB4,South,S1,2019,1.152,0.913,42516
Rco,NZ,C,RcoNZCC,RcoNZCC8,South,S2,2019,0.678,0.932,88739
Rco,NZ,W,RcoNZWA,RcoNZWA5,South,S1,2019,1.000,0.980,190299
Rco,UK,E,RcoUKEA,RcoUKEA3,South,S1,2019,1.000,0.654,25364
Rco,UK,E,RcoUKEB,RcoUKEB1,South,S1,2019,1.636,1.068,57792
Rco,UK,E,RcoUKEB,RcoUKEB3,South,S2,2019,1.214,1.103,34422
Rco,NZ,C,RcoNZCB,RcoNZCB1,South,S2,2019,1.054,1.420,74438
Rco,UK,Cb,RcoUKCbD,RcoUKCbD9,South,S3,2019,1.100,1.068,142214
Rco,NZ,W,RcoNZWC,RcoNZWC1,South,S3,2019,1.086,1.046,125809
Rco,NZ,W,RcoNZWB,RcoNZWB1,South,S1,2019,0.981,1.155,162412
Rco,NZ,C,RcoNZCD,RcoNZCD4,South,S2,2019,1.364,1.127,120417
Rco,UK,G,RcoUKGB,RcoUKGB4,South,S3,2019,0.885,0.735,105860
Rco,UK,E,RcoUKEB,RcoUKEB9,South,S2,2019,1.524,1.094,66500
Rco,NZ,W,RcoNZWD,RcoNZWD1,South,S3,2019,1.444,1.039,40139
Rco,UK,Cw,RcoUKCwD,RcoUKCwD8,South,S1,2019,1.033,1.209,171919
Rco,UK,E,RcoUKEB,RcoUKEB4,South,S1,2019,1.417,0.535,NA
Rco,UK,E,RcoUKEA,RcoUKEA2,South,S1,2019,1.115,0.768,184158
Rco,NZ,W,RcoNZWD,RcoNZWD5,South,S1,2019,1.468,1.237,136077
Rco,NZ,C,RcoNZCC,RcoNZCC8,South,S3,2019,0.678,0.960,83077
Rco,NZ,S,RcoNZSB,RcoNZSB5,South,S1,2019,0.844,0.990,59109
Rco,UK,E,RcoUKEA,RcoUKEA4,South,S3,2019,1.167,0.665,50697
Rco,UK,Cw,RcoUKCwC,RcoUKCwC10,South,S2,2019,1.364,0.882,235091
Rco,UK,E,RcoUKEB,RcoUKEB1,South,S3,2019,1.636,0.935,67784
Rco,UK,G,RcoUKGA,RcoUKGA5,South,S1,2019,1.000,0.703,NA
Rco,NZ,S,RcoNZSA,RcoNZSA5,South,S2,2019,0.728,0.989,103626
Rco,NZ,S,RcoNZSD,RcoNZSD5,South,S3,2019,1.296,0.967,NA
Rco,NZ,W,RcoNZWD,RcoNZWD5,South,S3,2019,1.468,1.382,NA
Rco,UK,Cb,RcoUKCbC,RcoUKCbC7,South,S3,2019,1.000,0.921,116008
Rco,NZ,C,RcoNZCC,RcoNZCC9,South,S3,2019,0.723,1.384,138107
Rco,UK,Cb,RcoUKCbA,RcoUKCbA1,South,S2,2019,1.071,0.801,75857
Rco,UK,Cb,RcoUKCbD,RcoUKCbD2,South,S1,2019,0.821,1.124,435015
Rco,UK,Cb,RcoUKCbA,RcoUKCbA8,South,S1,2019,0.862,0.885,NA
Rco,UK,E,RcoUKEB,RcoUKEB3,South,S3,2019,1.214,1.023,38306
Rco,NZ,S,RcoNZSD,RcoNZSD1,South,S1,2019,1.196,1.086,162403
Rco,NZ,C,RcoNZCB,RcoNZCB5,South,S2,2019,0.839,1.119,5440
Rco,UK,Cw,RcoUKCwA,RcoUKCwA8,South,S3,2019,1.438,0.948,251462
Rco,UK,E,RcoUKEB,RcoUKEB9,South,S3,2019,1.524,0.981,NA
Rco,NZ,W,RcoNZWD,RcoNZWD3,South,S1,2019,1.228,1.136,240294
Rco,UK,Cw,RcoUKCwB,RcoUKCwB3,South,S3,2019,0.977,0.962,159405
Rco,NZ,C,RcoNZCC,RcoNZCC8,South,S1,2019,0.678,0.991,89118
Rco,NZ,C,RcoNZCC,RcoNZCC9,South,S1,2019,0.723,1.116,116097
Rco,NZ,S,RcoNZSC,RcoNZSC5,South,S3,2019,1.150,1.084,NA
Rco,NZ,W,RcoNZWC,RcoNZWC3,South,S3,2019,1.068,1.267,126794
Rco,UK,Cb,RcoUKCbA,RcoUKCbA9,South,S1,2019,1.071,1.148,147591
Rco,UK,Cb,RcoUKCbC,RcoUKCbC9,South,S3,2019,0.958,0.876,297346
Rco,UK,Cb,RcoUKCbD,RcoUKCbD6,South,S3,2019,1.111,1.058,59977
Rco,NZ,C,RcoNZCC,RcoNZCC10,South,S2,2019,0.357,0.841,91800
Rco,NZ,S,RcoNZSA,RcoNZSA1,South,S2,2019,0.723,1.084,224602
Rco,UK,E,RcoUKEA,RcoUKEA5,West,W1,2019,1.250,1.353,10613
Rco,UK,Cw,RcoUKCwC,RcoUKCwC5,West,W3,2019,0.964,0.967,121030
Rco,NZ,W,RcoNZWA,RcoNZWA5,West,W3,2019,1.000,0.916,172528
Rco,UK,Cw,RcoUKCwB,RcoUKCwB7,West,W2,2019,0.913,0.934,91768
Rco,NZ,W,RcoNZWD,RcoNZWD4,West,W3,2019,1.188,1.164,78582
Rco,UK,Cw,RcoUKCwB,RcoUKCwB7,West,W3,2019,0.913,1.034,99151
Rco,UK,E,RcoUKEA,RcoUKEA4,West,W3,2019,1.167,0.968,13372
Rco,NZ,W,RcoNZWA,RcoNZWA5,West,W1,2019,1.000,0.945,125262
Rco,UK,Cw,RcoUKCwC,RcoUKCwC6,West,W2,2019,0.971,0.693,167463
Rco,UK,Cw,RcoUKCwC,RcoUKCwC5,West,W1,2019,0.964,0.908,134827
Rco,UK,Cw,RcoUKCwD,RcoUKCwD2,West,W3,2019,1.160,1.087,179967
Rco,UK,E,RcoUKEB,RcoUKEB5,West,W3,2019,1.318,0.837,9359
Rco,NZ,C,RcoNZCD,RcoNZCD4,West,W3,2019,1.364,1.232,60454
Rco,NZ,S,RcoNZSA,RcoNZSA2,West,W2,2019,0.636,0.970,130247
Rco,UK,Cw,RcoUKCwC,RcoUKCwC2,West,W2,2019,0.667,0.801,235905
Rco,NZ,W,RcoNZWA,RcoNZWA5,West,W2,2019,1.000,0.853,103295
Rco,UK,Cw,RcoUKCwC,RcoUKCwC6,West,W3,2019,0.971,1.193,272010
Rco,NZ,W,RcoNZWD,RcoNZWD4,West,W2,2019,1.188,1.213,84117
Rco,UK,E,RcoUKEB,RcoUKEB5,West,W1,2019,1.318,1.217,13037
Rco,UK,E,RcoUKEB,RcoUKEB3,West,W2,2019,1.214,1.185,50571
Rco,NZ,S,RcoNZSD,RcoNZSD3,West,W2,2019,1.044,1.136,96969
Rco,UK,G,RcoUKGA,RcoUKGA5,West,W3,2019,1.000,0.831,91089
Rco,NZ,C,RcoNZCD,RcoNZCD3,West,W2,2019,1.348,1.251,85084
Rco,NZ,W,RcoNZWC,RcoNZWC4,West,W1,2019,1.258,0.830,170212
Rco,UK,E,RcoUKEB,RcoUKEB1,West,W2,2019,1.636,1.156,20898
Rco,NZ,S,RcoNZSD,RcoNZSD3,West,W3,2019,1.044,1.162,122456
Rco,NZ,S,RcoNZSB,RcoNZSB1,West,W3,2019,0.930,0.931,108168
Rco,NZ,S,RcoNZSD,RcoNZSD2,West,W1,2019,1.421,1.023,94940
Rco,NZ,W,RcoNZWC,RcoNZWC5,West,W2,2019,1.224,1.065,123481
Rco,NZ,W,RcoNZWD,RcoNZWD5,West,W2,2019,1.468,1.320,87885
Rco,NZ,C,RcoNZCC,RcoNZCC8,West,W2,2019,0.678,1.059,102106
Rco,NZ,C,RcoNZCD,RcoNZCD1,West,W1,2019,1.348,0.969,99171
Rco,NZ,C,RcoNZCA,RcoNZCA1,West,W3,2019,0.831,1.166,71033
Rco,NZ,C,RcoNZCD,RcoNZCD5,West,W3,2019,1.343,1.108,98459
Rco,UK,E,RcoUKEB,RcoUKEB4,West,W3,2019,1.417,1.073,16173
Rco,UK,E,RcoUKEB,RcoUKEB4,West,W1,2019,1.417,0.881,16310
Rco,NZ,C,RcoNZCD,RcoNZCD4,West,W2,2019,1.364,1.070,21470
Rco,UK,Cb,RcoUKCbB,RcoUKCbB7,West,W2,2019,1.214,1.125,31091
Rco,UK,Cb,RcoUKCbC,RcoUKCbC2,West,W2,2019,1.042,0.878,111551
Rco,UK,E,RcoUKEA,RcoUKEA3,West,W2,2019,1.000,0.890,27460
Rco,NZ,S,RcoNZSB,RcoNZSB3,West,W2,2019,0.985,0.837,253434
Rco,UK,G,RcoUKGA,RcoUKGA3,West,W2,2019,0.952,0.943,57241
Rco,UK,G,RcoUKGA,RcoUKGA3,West,W3,2019,0.952,0.835,79572
Rco,UK,G,RcoUKGA,RcoUKGA5,West,W2,2019,1.000,0.774,73810
Rco,UK,Cb,RcoUKCbD,RcoUKCbD7,West,W1,2019,1.364,1.009,17889
Rco,UK,Cw,RcoUKCwD,RcoUKCwD1,West,W3,2019,0.943,1.070,76269
Rco,NZ,S,RcoNZSD,RcoNZSD1,West,W1,2019,1.196,0.794,36590
Rco,NZ,S,RcoNZSD,RcoNZSD2,West,W3,2019,1.421,1.096,49440
Rco,UK,E,RcoUKEB,RcoUKEB9,West,W3,2019,1.524,1.041,109536
Rco,NZ,W,RcoNZWA,RcoNZWA3,West,W3,2019,1.135,1.008,48120
Rco,UK,G,RcoUKGA,RcoUKGA2,West,W1,2019,0.905,0.975,102740
Rco,NZ,C,RcoNZCD,RcoNZCD1,West,W3,2019,1.348,1.124,67823
Rco,UK,G,RcoUKGA,RcoUKGA4,West,W2,2019,1.000,1.043,37781
Rco,NZ,C,RcoNZCB,RcoNZCB4,West,W1,2019,1.281,1.234,25785
Rco,NZ,S,RcoNZSD,RcoNZSD5,West,W2,2019,1.296,1.058,23422
Rco,NZ,S,RcoNZSB,RcoNZSB2,West,W3,2019,0.864,1.038,42821
Rco,NZ,S,RcoNZSB,RcoNZSB2,West,W1,2019,0.864,0.623,51984
Rco,NZ,S,RcoNZSB,RcoNZSB3,West,W1,2019,0.985,0.895,155239
Rco,UK,Cb,RcoUKCbC,RcoUKCbC7,West,W1,2019,1.000,0.898,161272
Rco,NZ,S,RcoNZSB,RcoNZSB5,West,W2,2019,0.844,0.775,124477
Rco,NZ,C,RcoNZCD,RcoNZCD1,West,W2,2019,1.348,1.208,64696
Rco,UK,Cb,RcoUKCbB,RcoUKCbB4,West,W2,2019,1.067,0.960,8762
Rco,NZ,C,RcoNZCB,RcoNZCB4,West,W2,2019,1.281,1.301,205163
Rco,UK,G,RcoUKGB,RcoUKGB1,West,W1,2019,1.000,0.946,29765
Rco,UK,Cw,RcoUKCwB,RcoUKCwB1,West,W1,2019,1.233,1.010,93821
Rco,UK,Cw,RcoUKCwB,RcoUKCwB1,West,W3,2019,1.233,1.160,77278
Rco,NZ,W,RcoNZWD,RcoNZWD3,West,W1,2019,1.228,1.141,71209
Rco,UK,Cw,RcoUKCwB,RcoUKCwB3,West,W3,2019,0.977,1.128,57288
Rco,UK,Cb,RcoUKCbC,RcoUKCbC7,West,W2,2019,1.000,0.900,91031
Rco,NZ,S,RcoNZSB,RcoNZSB4,West,W2,2019,0.789,1.146,97747
Rco,UK,G,RcoUKGA,RcoUKGA2,West,W2,2019,0.905,0.954,102299
Rco,UK,Cb,RcoUKCbD,RcoUKCbD3,West,W2,2019,1.100,1.123,83478
Rco,UK,E,RcoUKEB,RcoUKEB3,West,W1,2019,1.214,0.929,47589
Rco,UK,Cb,RcoUKCbB,RcoUKCbB3,West,W2,2019,1.000,0.846,24886
Rco,NZ,W,RcoNZWC,RcoNZWC2,West,W1,2019,1.108,0.850,120406
Rco,UK,G,RcoUKGB,RcoUKGB5,West,W1,2019,0.963,0.828,28589
Rco,NZ,S,RcoNZSB,RcoNZSB1,West,W2,2019,0.930,0.685,221957
Rco,UK,E,RcoUKEB,RcoUKEB9,West,W1,2019,1.524,1.093,84536
Rco,UK,Cw,RcoUKCwB,RcoUKCwB3,West,W1,2019,0.977,1.031,32397
Rco,UK,Cw,RcoUKCwB,RcoUKCwB3,West,W2,2019,0.977,1.050,99535
Rco,UK,G,RcoUKGA,RcoUKGA4,West,W3,2019,1.000,0.966,95654
Rco,UK,Cb,RcoUKCbB,RcoUKCbB10,West,W2,2019,0.966,0.925,160906
Rco,UK,Cb,RcoUKCbB,RcoUKCbB3,West,W1,2019,1.000,0.889,52341
Rco,UK,Cw,RcoUKCwD,RcoUKCwD3,West,W3,2019,0.828,0.962,7890
Rco,NZ,S,RcoNZSB,RcoNZSB2,West,W2,2019,0.864,0.816,216585
Rco,NZ,S,RcoNZSB,RcoNZSB3,West,W3,2019,0.985,1.021,102456
Rco,NZ,S,RcoNZSC,RcoNZSC1,West,W1,2019,1.216,0.959,142396
Rco,NZ,S,RcoNZSC,RcoNZSC3,West,W1,2019,1.300,0.931,51359
Rco,UK,G,RcoUKGB,RcoUKGB1,West,W2,2019,1.000,0.971,61380
Rco,NZ,S,RcoNZSD,RcoNZSD1,West,W2,2019,1.196,1.171,132293
Rco,UK,Cb,RcoUKCbD,RcoUKCbD3,West,W3,2019,1.100,1.150,154571
Rco,UK,G,RcoUKGB,RcoUKGB4,West,W2,2019,0.885,0.824,180146
Rco,UK,Cb,RcoUKCbC,RcoUKCbC5,West,W3,2019,1.000,1.038,76747
Rco,UK,Cb,RcoUKCbD,RcoUKCbD9,West,W3,2019,1.100,0.935,86609
Rco,UK,Cw,RcoUKCwB,RcoUKCwB2,West,W3,2019,0.886,0.920,189892
Rco,UK,Cb,RcoUKCbC,RcoUKCbC5,West,W2,2019,1.000,1.056,127321
Rco,UK,Cb,RcoUKCbB,RcoUKCbB3,West,W3,2019,1.000,0.865,19763
Rco,UK,Cb,RcoUKCbC,RcoUKCbC5,West,W1,2019,1.000,0.941,137074
Rco,UK,Cb,RcoUKCbD,RcoUKCbD2,West,W3,2019,0.821,1.350,107182
Rco,UK,Cw,RcoUKCwB,RcoUKCwB2,West,W2,2019,0.886,0.987,138476
Rco,NZ,S,RcoNZSB,RcoNZSB5,West,W1,2019,0.844,0.889,178664
Rco,UK,Cb,RcoUKCbB,RcoUKCbB10,West,W1,2019,0.966,0.893,91227
Rcr,NZ,W,RcrNZWE,RcrNZWE9,South,S2,2019,1.115,1.261,37455
Rcr,UK,G,RcrUKGA,RcrUKGA3,South,S1,2019,1.704,1.132,19518
Rcr,UK,Cb,RcrUKCbA,RcrUKCbA4,South,S1,2019,1.455,1.424,NA
Rcr,UK,G,RcrUKGA,RcrUKGA3,South,S2,2019,1.704,0.997,90870
Rcr,NZ,C,RcrNZCC,RcrNZCC4,South,S1,2019,1.732,1.388,NA
Rcr,UK,Cw,RcrUKCwB,RcrUKCwB8,South,S1,2019,1.464,1.385,NA
Rcr,UK,Cw,RcrUKCwC,RcrUKCwC10,South,S3,2019,1.900,1.234,NA
Rcr,NZ,W,RcrNZWE,RcrNZWE8,South,S2,2019,1.196,1.237,NA
Rcr,NZ,C,RcrNZCC,RcrNZCC4,South,S2,2019,1.732,0.973,69281
Rcr,UK,G,RcrUKGD,RcrUKGD5,South,S1,2019,1.492,0.957,NA
Rcr,NZ,W,RcrNZWC,RcrNZWC9,South,S1,2019,1.207,1.298,107537
Rcr,UK,Cb,RcrUKCbA,RcrUKCbA2,South,S1,2019,1.435,1.443,NA
Rcr,UK,Cb,RcrUKCbA,RcrUKCbA1,South,S1,2019,1.950,1.637,NA
Rcr,NZ,S,RcrNZSB,RcrNZSB2,South,S1,2019,1.485,1.223,5856
Rcr,NZ,W,RcrNZWC,RcrNZWC9,South,S3,2019,1.207,1.301,NA
Rcr,UK,Cw,RcrUKCwC,RcrUKCwC5,South,S2,2019,2.056,1.105,8984
Rcr,NZ,C,RcrNZCC,RcrNZCC8,South,S3,2019,2.000,0.857,21243
Rcr,NZ,W,RcrNZWE,RcrNZWE3,South,S2,2019,1.053,1.210,NA
Rcr,UK,Cb,RcrUKCbD,RcrUKCbD4,South,S1,2019,1.600,1.357,NA
Rcr,UK,Cw,RcrUKCwC,RcrUKCwC5,South,S3,2019,2.056,1.074,NA
Rcr,UK,Cw,RcrUKCwC,RcrUKCwC10,South,S1,2019,1.900,1.186,NA
Rcr,NZ,W,RcrNZWE,RcrNZWE8,South,S1,2019,1.196,1.374,NA
Rcr,NZ,S,RcrNZSC,RcrNZSC9,South,S3,2019,1.716,1.255,43085
Rcr,UK,G,RcrUKGA,RcrUKGA4,South,S1,2019,1.636,1.087,34304
Rcr,UK,G,RcrUKGD,RcrUKGD4,South,S3,2019,1.873,0.861,13714
Rcr,NZ,W,RcrNZWD,RcrNZWD4,South,S2,2019,2.088,1.264,26470
Rcr,NZ,C,RcrNZCC,RcrNZCC4,South,S3,2019,1.732,1.196,72307
Rcr,UK,Cw,RcrUKCwC,RcrUKCwC5,South,S1,2019,2.056,1.131,NA
Rcr,UK,G,RcrUKGA,RcrUKGA2,South,S2,2019,1.667,1.176,26037
Rcr,UK,G,RcrUKGA,RcrUKGA4,South,S2,2019,1.636,1.034,45714
Rcr,UK,G,RcrUKGA,RcrUKGA1,South,S1,2019,1.786,1.133,39896
Rcr,UK,Cw,RcrUKCwC,RcrUKCwC4,South,S1,2019,2.000,1.766,71136
Rcr,UK,G,RcrUKGB,RcrUKGB4,South,S1,2019,1.552,1.218,29037
Rcr,UK,G,RcrUKGA,RcrUKGA1,South,S3,2019,1.786,1.117,23610
Rcr,UK,G,RcrUKGA,RcrUKGA2,South,S1,2019,1.667,1.131,67440
Rcr,NZ,S,RcrNZSC,RcrNZSC6,South,S3,2019,1.655,1.015,NA
Rcr,NZ,C,RcrNZCD,RcrNZCD9,South,S2,2019,1.304,1.425,NA
Rcr,UK,Cw,RcrUKCwC,RcrUKCwC8,South,S1,2019,1.708,1.277,54794
Rcr,UK,G,RcrUKGA,RcrUKGA1,South,S2,2019,1.786,1.241,52093
Rcr,NZ,W,RcrNZWE,RcrNZWE3,South,S1,2019,1.053,1.390,41200
Rcr,UK,G,RcrUKGA,RcrUKGA5,South,S1,2019,1.658,1.322,27402
Rcr,NZ,W,RcrNZWE,RcrNZWE1,South,S1,2019,1.317,1.393,49837
Rcr,NZ,S,RcrNZSD,RcrNZSD10,South,S2,2019,1.756,1.317,NA
Rcr,NZ,C,RcrNZCC,RcrNZCC3,West,W3,2019,1.515,0.792,NA
Rcr,NZ,C,RcrNZCA,RcrNZCA8,West,W3,2019,1.635,0.819,NA
Rcr,UK,Cb,RcrUKCbB,RcrUKCbB5,West,W1,2019,2.100,0.977,NA
Rcr,UK,Cb,RcrUKCbB,RcrUKCbB5,West,W2,2019,2.100,1.378,NA
Rcr,UK,G,RcrUKGA,RcrUKGA3,West,W1,2019,1.704,1.115,NA
Rcr,UK,Cb,RcrUKCbB,RcrUKCbB5,West,W3,2019,2.100,1.301,NA
Rcr,NZ,C,RcrNZCA,RcrNZCA2,West,W2,2019,1.581,1.124,NA
Rcr,UK,Cb,RcrUKCbC,RcrUKCbC3,West,W1,2019,1.654,1.156,23510
Rcr,UK,G,RcrUKGA,RcrUKGA3,West,W2,2019,1.704,1.057,21712
Rcr,NZ,C,RcrNZCA,RcrNZCA8,West,W2,2019,1.635,0.900,NA
Rcr,NZ,C,RcrNZCA,RcrNZCA3,West,W3,2019,1.571,0.838,NA
Rcr,UK,Cw,RcrUKCwD,RcrUKCwD5,West,W1,2019,1.611,1.216,49371
Rcr,NZ,S,RcrNZSA,RcrNZSA7,West,W3,2019,1.825,1.029,9405
Rcr,UK,Cb,RcrUKCbC,RcrUKCbC1,West,W3,2019,1.375,0.964,NA
Rcr,NZ,W,RcrNZWE,RcrNZWE9,West,W2,2019,1.115,1.121,40391
Rcr,NZ,C,RcrNZCA,RcrNZCA2,West,W1,2019,1.581,1.189,NA
Rcr,UK,Cb,RcrUKCbA,RcrUKCbA2,West,W2,2019,1.435,1.527,NA
Rcr,UK,Cw,RcrUKCwB,RcrUKCwB6,West,W1,2019,1.682,1.969,NA
Rcr,UK,Cb,RcrUKCbB,RcrUKCbB4,West,W3,2019,1.864,1.195,NA
Rcr,UK,Cb,RcrUKCbB,RcrUKCbB4,West,W2,2019,1.864,1.079,NA
Rcr,NZ,C,RcrNZCC,RcrNZCC2,West,W2,2019,1.114,0.852,15185
Rcr,UK,Cw,RcrUKCwC,RcrUKCwC8,West,W3,2019,1.708,1.064,38400
Rcr,UK,Cb,RcrUKCbB,RcrUKCbB2,West,W3,2019,2.353,1.510,NA
Rcr,UK,Cb,RcrUKCbA,RcrUKCbA1,West,W1,2019,1.950,1.315,NA
Rcr,UK,Cb,RcrUKCbB,RcrUKCbB3,West,W1,2019,1.783,1.063,NA
Rcr,NZ,S,RcrNZSA,RcrNZSA5,West,W1,2019,1.646,1.167,16737
Rcr,UK,G,RcrUKGA,RcrUKGA2,West,W3,2019,1.667,0.853,NA
Rcr,NZ,S,RcrNZSC,RcrNZSC7,West,W1,2019,1.426,0.818,NA
Rcr,NZ,C,RcrNZCC,RcrNZCC3,West,W2,2019,1.515,0.855,7617
Rcr,UK,Cw,RcrUKCwD,RcrUKCwD5,West,W3,2019,1.611,0.936,NA
Rcr,NZ,S,RcrNZSA,RcrNZSA5,West,W2,2019,1.646,1.070,NA
Rcr,UK,Cb,RcrUKCbA,RcrUKCbA3,West,W3,2019,1.333,1.134,NA
Rcr,UK,Cw,RcrUKCwB,RcrUKCwB7,West,W1,2019,1.500,0.956,NA
Rcr,NZ,S,RcrNZSB,RcrNZSB1,West,W2,2019,1.975,1.357,NA
Rcr,UK,Cb,RcrUKCbB,RcrUKCbB1,West,W2,2019,1.857,1.086,NA
Rcr,UK,Cw,RcrUKCwC,RcrUKCwC5,West,W1,2019,2.056,0.945,NA
Rcr,UK,Cb,RcrUKCbB,RcrUKCbB3,West,W3,2019,1.783,1.066,NA
Rcr,UK,Cb,RcrUKCbB,RcrUKCbB2,West,W1,2019,2.353,1.280,NA
Rcr,UK,Cb,RcrUKCbB,RcrUKCbB4,West,W1,2019,1.864,0.891,NA
Rcr,UK,Cw,RcrUKCwA,RcrUKCwA9,West,W3,2019,1.179,1.030,20972
Rcr,NZ,C,RcrNZCB,RcrNZCB3,West,W1,2019,2.039,1.085,NA
Rcr,UK,Cw,RcrUKCwD,RcrUKCwD10,West,W3,2019,1.292,1.089,NA
Rcr,NZ,S,RcrNZSC,RcrNZSC9,West,W2,2019,1.716,1.160,13569
Rcr,NZ,C,RcrNZCB,RcrNZCB4,West,W1,2019,2.057,1.061,22754
Rcr,NZ,W,RcrNZWE,RcrNZWE8,West,W2,2019,1.196,1.352,40085
Rcr,UK,Cw,RcrUKCwB,RcrUKCwB7,West,W3,2019,1.500,0.983,NA
Rcr,UK,Cb,RcrUKCbC,RcrUKCbC1,West,W1,2019,1.375,0.861,NA
Rcr,NZ,W,RcrNZWE,RcrNZWE8,West,W1,2019,1.196,0.987,NA
Rcr,NZ,S,RcrNZSB,RcrNZSB1,West,W1,2019,1.975,0.859,NA
Rcr,NZ,C,RcrNZCC,RcrNZCC4,West,W3,2019,1.732,1.010,31437
Rcr,UK,Cb,RcrUKCbC,RcrUKCbC2,West,W1,2019,1.296,0.950,5001
Rcr,UK,Cb,RcrUKCbC,RcrUKCbC3,West,W2,2019,1.654,1.285,28366
Rcr,NZ,C,RcrNZCA,RcrNZCA1,West,W1,2019,1.246,0.959,NA
Rcr,UK,Cw,RcrUKCwC,RcrUKCwC5,West,W3,2019,2.056,1.129,49140
Rcr,UK,Cw,RcrUKCwC,RcrUKCwC6,West,W3,2019,1.652,1.139,9603
Rcr,NZ,S,RcrNZSB,RcrNZSB5,West,W1,2019,1.507,0.912,NA
Rcr,NZ,C,RcrNZCA,RcrNZCA8,West,W1,2019,1.635,0.652,NA
Rcr,UK,Cw,RcrUKCwC,RcrUKCwC8,West,W2,2019,1.708,1.312,72257
Rcr,NZ,S,RcrNZSC,RcrNZSC8,West,W2,2019,2.099,0.926,18473
Rcr,UK,G,RcrUKGA,RcrUKGA3,West,W3,2019,1.704,1.020,NA
Rcr,NZ,S,RcrNZSA,RcrNZSA3,West,W1,2019,1.764,0.949,NA
Rcr,UK,Cw,RcrUKCwD,RcrUKCwD1,West,W1,2019,1.833,1.200,NA
Rcr,NZ,W,RcrNZWC,RcrNZWC9,West,W3,2019,1.207,0.859,NA
Rcr,UK,Cb,RcrUKCbD,RcrUKCbD5,West,W1,2019,1.793,1.116,9653
Rcr,NZ,W,RcrNZWD,RcrNZWD10,West,W3,2019,1.633,1.009,NA
Rcr,UK,Cb,RcrUKCbC,RcrUKCbC2,West,W3,2019,1.296,0.977,17642
Rcr,UK,Cb,RcrUKCbC,RcrUKCbC2,West,W2,2019,1.296,0.914,52820
Rcr,UK,Cw,RcrUKCwD,RcrUKCwD8,West,W3,2019,1.571,1.248,NA
Rcr,UK,G,RcrUKGA,RcrUKGA1,West,W1,2019,1.786,1.139,NA
Rcr,UK,Cw,RcrUKCwA,RcrUKCwA10,West,W3,2019,1.348,1.154,NA
Rcr,NZ,C,RcrNZCC,RcrNZCC8,West,W1,2019,2.000,1.214,25169
Rcr,UK,G,RcrUKGA,RcrUKGA1,West,W3,2019,1.786,0.923,NA
Rcr,UK,Cb,RcrUKCbC,RcrUKCbC5,West,W3,2019,1.429,1.164,19096
Rcr,UK,Cw,RcrUKCwC,RcrUKCwC5,West,W2,2019,2.056,0.943,NA
Rcr,UK,G,RcrUKGB,RcrUKGB5,West,W2,2019,1.803,0.920,NA
Rcr,NZ,S,RcrNZSC,RcrNZSC5,West,W1,2019,1.836,1.259,57753
Rcr,NZ,S,RcrNZSC,RcrNZSC5,West,W2,2019,1.836,0.986,NA
Rcr,UK,Cw,RcrUKCwA,RcrUKCwA8,West,W2,2019,1.391,0.893,NA
Rcr,UK,Cw,RcrUKCwA,RcrUKCwA8,West,W3,2019,1.391,0.600,NA
Rcr,UK,Cw,RcrUKCwA,RcrUKCwA9,West,W2,2019,1.179,0.932,NA
Rcr,NZ,S,RcrNZSC,RcrNZSC8,West,W3,2019,2.099,1.137,59646
Rcr,NZ,S,RcrNZSA,RcrNZSA4,West,W1,2019,2.048,0.876,17500
Rcr,UK,Cb,RcrUKCbA,RcrUKCbA1,West,W3,2019,1.950,1.220,9454
Rcr,UK,G,RcrUKGA,RcrUKGA4,West,W3,2019,1.636,1.135,22457
Rcr,UK,Cw,RcrUKCwB,RcrUKCwB7,West,W2,2019,1.500,0.952,NA
Rcr,UK,Cw,RcrUKCwD,RcrUKCwD3,West,W2,2019,1.737,1.218,64929
Rcr,UK,Cw,RcrUKCwD,RcrUKCwD5,West,W2,2019,1.611,1.383,65042
Rcr,UK,G,RcrUKGD,RcrUKGD4,West,W3,2019,1.873,0.824,NA
Rcr,UK,Cb,RcrUKCbA,RcrUKCbA3,West,W2,2019,1.333,1.080,NA
Rcr,NZ,S,RcrNZSB,RcrNZSB5,West,W3,2019,1.507,1.440,NA
Rcr,UK,G,RcrUKGB,RcrUKGB1,West,W2,2019,1.612,0.844,NA
Rcr,NZ,S,RcrNZSB,RcrNZSB6,West,W2,2019,1.811,1.072,20489
Rcr,NZ,C,RcrNZCC,RcrNZCC6,West,W3,2019,1.408,0.824,8980
Rcr,NZ,C,RcrNZCA,RcrNZCA2,West,W3,2019,1.581,0.851,NA
Rcr,UK,G,RcrUKGB,RcrUKGB5,West,W1,2019,1.803,1.023,10111
Rcr,NZ,S,RcrNZSC,RcrNZSC6,West,W3,2019,1.655,0.984,33830
Rcr,UK,G,RcrUKGC,RcrUKGC4,West,W1,2019,1.892,1.630,24455
Rcr,UK,Cw,RcrUKCwD,RcrUKCwD1,West,W2,2019,1.833,1.162,NA
Rcr,NZ,S,RcrNZSC,RcrNZSC9,West,W1,2019,1.716,0.968,NA
Rcr,NZ,C,RcrNZCB,RcrNZCB9,West,W1,2019,1.536,1.587,NA
Rcr,UK,Cw,RcrUKCwD,RcrUKCwD3,West,W3,2019,1.737,1.635,16270
Rcr,UK,Cb,RcrUKCbD,RcrUKCbD5,West,W3,2019,1.793,1.307,NA
Rcr,UK,Cb,RcrUKCbA,RcrUKCbA2,West,W1,2019,1.435,1.040,NA
Rcr,UK,Cw,RcrUKCwB,RcrUKCwB8,West,W3,2019,1.464,1.286,56413
Rcr,NZ,C,RcrNZCC,RcrNZCC6,West,W1,2019,1.408,0.878,28010
Rcr,UK,Cb,RcrUKCbC,RcrUKCbC4,West,W3,2019,0.714,1.089,10010
Rcr,NZ,S,RcrNZSC,RcrNZSC5,West,W3,2019,1.836,1.018,21739
Rcr,UK,Cw,RcrUKCwA,RcrUKCwA9,West,W1,2019,1.179,0.892,25930
Rcr,UK,Cb,RcrUKCbD,RcrUKCbD3,West,W3,2019,1.619,1.156,32151
Rcr,UK,Cb,RcrUKCbD,RcrUKCbD4,West,W2,2019,1.600,1.180,12478
Rcr,UK,Cb,RcrUKCbD,RcrUKCbD4,West,W1,2019,1.600,1.310,NA
Rcr,UK,Cw,RcrUKCwD,RcrUKCwD10,West,W2,2019,1.292,1.212,NA
Rcr,UK,Cb,RcrUKCbD,RcrUKCbD5,West,W2,2019,1.793,1.434,73789
Rcr,UK,Cb,RcrUKCbA,RcrUKCbA3,West,W1,2019,1.333,0.972,NA
Rcr,UK,G,RcrUKGB,RcrUKGB1,West,W1,2019,1.612,1.021,9248
Rcr,UK,G,RcrUKGB,RcrUKGB3,West,W2,2019,1.727,1.103,NA
Rcr,UK,Cb,RcrUKCbC,RcrUKCbC5,West,W1,2019,1.429,1.014,15854
Rcr,UK,Cb,RcrUKCbB,RcrUKCbB2,West,W2,2019,2.353,1.166,NA
Rcr,UK,G,RcrUKGA,RcrUKGA2,West,W1,2019,1.667,1.173,NA
Rcr,NZ,S,RcrNZSC,RcrNZSC7,West,W3,2019,1.426,0.900,7477
Rcr,UK,G,RcrUKGC,RcrUKGC2,West,W3,2019,1.996,1.355,NA
Rcr,UK,Cw,RcrUKCwB,RcrUKCwB5,West,W1,2019,1.684,1.112,NA
Rcr,UK,Cw,RcrUKCwB,RcrUKCwB6,West,W2,2019,1.682,2.031,NA
Rcr,UK,G,RcrUKGA,RcrUKGA4,West,W1,2019,1.636,1.094,NA
Rcr,UK,Cb,RcrUKCbC,RcrUKCbC1,West,W2,2019,1.375,0.999,5047
Rcr,UK,Cw,RcrUKCwB,RcrUKCwB8,West,W2,2019,1.464,1.187,27011
Rcr,NZ,W,RcrNZWD,RcrNZWD4,West,W3,2019,2.088,1.533,41717
Rcr,UK,G,RcrUKGD,RcrUKGD4,West,W2,2019,1.873,0.812,NA
Rcr,UK,Cw,RcrUKCwC,RcrUKCwC10,West,W2,2019,1.900,0.959,87232
Rcr,UK,G,RcrUKGB,RcrUKGB3,West,W1,2019,1.727,1.067,8699
Rcr,UK,Cw,RcrUKCwA,RcrUKCwA2,West,W3,2019,1.320,0.879,NA
Rcr,UK,Cb,RcrUKCbC,RcrUKCbC5,West,W2,2019,1.429,0.969,NA
Rcr,UK,G,RcrUKGB,RcrUKGB5,West,W3,2019,1.803,0.885,NA
Rcr,UK,Cb,RcrUKCbD,RcrUKCbD2,West,W2,2019,1.370,0.951,64799
Rcr,NZ,W,RcrNZWC,RcrNZWC4,West,W1,2019,1.484,0.924,11661
Rcr,UK,Cb,RcrUKCbD,RcrUKCbD3,West,W2,2019,1.619,1.494,64477
Rcr,UK,G,RcrUKGC,RcrUKGC3,West,W1,2019,1.490,1.324,6809
Rcr,UK,G,RcrUKGC,RcrUKGC5,West,W2,2019,1.838,1.228,NA
Rcr,NZ,W,RcrNZWD,RcrNZWD1,West,W1,2019,1.827,0.994,NA
Rcr,UK,G,RcrUKGA,RcrUKGA5,West,W2,2019,1.658,1.274,41210
Rcr,UK,G,RcrUKGA,RcrUKGA5,West,W1,2019,1.658,1.142,NA
Rcr,NZ,S,RcrNZSB,RcrNZSB5,West,W2,2019,1.507,1.172,28756
Rcr,NZ,W,RcrNZWD,RcrNZWD9,West,W1,2019,1.537,0.902,NA
Rcr,NZ,W,RcrNZWA,RcrNZWA6,West,W1,2019,1.337,0.813,NA
Rcr,UK,Cb,RcrUKCbC,RcrUKCbC3,West,W3,2019,1.654,1.126,NA
Rcr,NZ,S,RcrNZSC,RcrNZSC6,West,W2,2019,1.655,1.033,38766
Rcr,NZ,W,RcrNZWC,RcrNZWC3,West,W1,2019,1.143,0.957,72249
Rcr,UK,G,RcrUKGC,RcrUKGC2,West,W2,2019,1.996,1.848,1146
Rcr,UK,Cb,RcrUKCbD,RcrUKCbD3,West,W1,2019,1.619,1.426,NA
Rcr,UK,Cw,RcrUKCwD,RcrUKCwD10,West,W1,2019,1.292,1.205,NA
Rcr,NZ,W,RcrNZWD,RcrNZWD10,West,W1,2019,1.633,0.979,NA
Rcr,UK,G,RcrUKGC,RcrUKGC4,West,W3,2019,1.892,1.545,31440
Rcr,UK,G,RcrUKGB,RcrUKGB2,West,W3,2019,1.220,0.844,NA
Rcr,UK,Cw,RcrUKCwA,RcrUKCwA2,West,W1,2019,1.320,1.071,NA
Rcr,UK,G,RcrUKGA,RcrUKGA1,West,W2,2019,1.786,1.118,17748
Rcr,NZ,S,RcrNZSC,RcrNZSC9,West,W3,2019,1.716,1.082,65844
Rcr,UK,Cw,RcrUKCwA,RcrUKCwA5,West,W2,2019,1.375,0.901,NA
Rcr,UK,G,RcrUKGA,RcrUKGA5,West,W3,2019,1.658,1.264,33462
Rcr,UK,G,RcrUKGC,RcrUKGC2,West,W1,2019,1.996,1.525,13103
Rcr,UK,G,RcrUKGB,RcrUKGB2,West,W1,2019,1.220,1.012,33553
Rcr,NZ,S,RcrNZSD,RcrNZSD4,West,W2,2019,1.248,0.989,97647
Rcr,UK,Cw,RcrUKCwA,RcrUKCwA10,West,W2,2019,1.348,1.165,44235
Rcr,UK,G,RcrUKGB,RcrUKGB4,West,W3,2019,1.552,0.919,NA
Rcr,NZ,W,RcrNZWE,RcrNZWE3,West,W2,2019,1.053,0.903,22042
Rcr,NZ,W,RcrNZWC,RcrNZWC9,West,W1,2019,1.207,0.884,NA
Rcr,UK,G,RcrUKGB,RcrUKGB4,West,W1,2019,1.552,1.133,17317
Rcr,UK,G,RcrUKGB,RcrUKGB4,West,W2,2019,1.552,1.289,NA
Rcr,UK,Cw,RcrUKCwD,RcrUKCwD3,West,W1,2019,1.737,1.088,NA
Rcr,UK,Cw,RcrUKCwC,RcrUKCwC10,West,W1,2019,1.900,1.002,23859
Rcr,NZ,W,RcrNZWE,RcrNZWE1,West,W1,2019,1.317,1.192,34731
Rcr,UK,Cw,RcrUKCwA,RcrUKCwA2,West,W2,2019,1.320,0.851,NA
Rcr,NZ,W,RcrNZWE,RcrNZWE2,West,W2,2019,1.413,1.182,45678
Rcr,UK,Cw,RcrUKCwA,RcrUKCwA10,West,W1,2019,1.348,0.842,NA
Ro,NZ,W,RoNZWC,RoNZWC2,LU,L3,2018,2.314,0.873,NA
Ro,UK,Cw,RoUKCwC,RoUKCwC6,LU,L3,2019,1.955,1.675,NA
Ro,NZ,W,RoNZWA,RoNZWA4,LU,L2,2018,1.828,1.395,NA
Ro,NZ,S,RoNZSA,RoNZSA6,LU,L1,2018,2.379,1.151,NA
Ro,NZ,C,RoNZCA,RoNZCA9,LU,L2,2019,0.830,0.828,1513
Ro,NZ,S,RoNZSD,RoNZSD6,LU,L3,2019,1.312,0.672,12645
Ro,UK,Cw,RoUKCwB,RoUKCwB3,LU,L3,2018,1.423,0.790,NA
Ro,NZ,C,RoNZCC,RoNZCC3,LU,L2,2018,2.259,0.983,NA
Ro,UK,Cw,RoUKCwD,RoUKCwD5,LU,L1,2019,1.138,1.259,NA
Ro,NZ,C,RoNZCC,RoNZCC3,LU,L2,2019,2.259,0.976,3477
Ro,UK,Cw,RoUKCwA,RoUKCwA1,LU,L2,2018,1.526,1.178,NA
Ro,NZ,C,RoNZCA,RoNZCA7,LU,L1,2018,0.752,1.255,NA
Ro,UK,Cw,RoUKCwA,RoUKCwA4,LU,L3,2018,0.920,0.959,NA
Ro,NZ,C,RoNZCD,RoNZCD3,LU,L2,2019,0.463,0.823,NA
Ro,UK,Cw,RoUKCwB,RoUKCwB4,LU,L2,2019,1.652,2.483,36950
Ro,NZ,S,RoNZSD,RoNZSD1,LU,L1,2019,2.268,1.545,NA
Ro,NZ,C,RoNZCD,RoNZCD10,LU,L2,2018,0.633,1.185,NA
Ro,UK,Cw,RoUKCwC,RoUKCwC2,LU,L3,2019,2.150,1.335,NA
Ro,UK,Cw,RoUKCwC,RoUKCwC5,LU,L1,2019,2.045,1.598,NA
Ro,UK,Cw,RoUKCwA,RoUKCwA4,LU,L3,2019,0.920,1.176,2570
Ro,UK,Cw,RoUKCwC,RoUKCwC6,LU,L1,2018,1.955,1.256,NA
Ro,NZ,C,RoNZCD,RoNZCD9,LU,L3,2018,0.633,1.543,NA
Ro,UK,Cw,RoUKCwB,RoUKCwB10,LU,L1,2018,1.952,1.195,NA
Ro,UK,Cw,RoUKCwC,RoUKCwC6,LU,L1,2019,1.955,1.717,NA
Ro,NZ,S,RoNZSD,RoNZSD6,LU,L3,2018,1.312,0.979,NA
Ro,NZ,W,RoNZWC,RoNZWC2,LU,L2,2018,2.314,0.901,NA
Ro,NZ,C,RoNZCD,RoNZCD3,LU,L2,2018,0.463,1.098,NA
Ro,NZ,C,RoNZCB,RoNZCB4,LU,L2,2018,1.906,0.985,NA
Ro,UK,Cb,RoUKCbD,RoUKCbD5,LU,L1,2018,2.350,1.083,NA
Ro,UK,Cw,RoUKCwB,RoUKCwB4,LU,L3,2018,1.652,1.101,NA
Ro,UK,G,RoUKGB,RoUKGB4,LU,L1,2019,1.300,1.717,24195
Ro,NZ,W,RoNZWA,RoNZWA5,LU,L1,2018,2.008,1.450,NA
Ro,NZ,C,RoNZCA,RoNZCA7,LU,L2,2018,0.752,0.635,NA
Ro,UK,G,RoUKGB,RoUKGB5,LU,L1,2019,1.281,0.818,NA
Ro,UK,Cw,RoUKCwD,RoUKCwD3,LU,L1,2018,1.522,1.207,NA
Ro,UK,G,RoUKGA,RoUKGA3,LU,L1,2018,1.795,0.854,NA
Ro,UK,Cw,RoUKCwA,RoUKCwA2,LU,L1,2018,0.931,0.673,NA
Ro,UK,Cw,RoUKCwD,RoUKCwD4,LU,L2,2019,1.231,1.695,1901
Ro,NZ,W,RoNZWB,RoNZWB3,LU,L2,2019,1.815,1.091,5490
Ro,UK,Cw,RoUKCwC,RoUKCwC1,LU,L3,2019,2.190,1.050,NA
Ro,NZ,S,RoNZSD,RoNZSD1,LU,L1,2018,2.268,1.634,NA
Ro,UK,G,RoUKGC,RoUKGC2,LU,L2,2018,1.444,1.058,NA
Ro,NZ,S,RoNZSB,RoNZSB1,LU,L1,2019,1.309,1.408,705
Ro,UK,G,RoUKGC,RoUKGC2,LU,L1,2018,1.444,0.986,NA
Ro,NZ,C,RoNZCC,RoNZCC5,LU,L1,2019,2.186,1.161,2190
Ro,UK,G,RoUKGB,RoUKGB3,LU,L1,2019,1.385,1.504,28230
Ro,UK,Cw,RoUKCwB,RoUKCwB10,LU,L1,2019,1.952,0.568,535
Ro,NZ,S,RoNZSB,RoNZSB5,LU,L1,2018,1.262,0.970,NA
Ro,UK,Cw,RoUKCwB,RoUKCwB10,LU,L2,2018,1.952,1.526,NA
Ro,NZ,S,RoNZSD,RoNZSD5,LU,L1,2018,1.077,0.857,NA
Ro,UK,Cb,RoUKCbD,RoUKCbD3,LU,L1,2019,2.143,1.971,NA
Ro,UK,Cb,RoUKCbD,RoUKCbD3,LU,L2,2018,2.143,0.730,NA
Ro,UK,G,RoUKGD,RoUKGD3,LU,L1,2018,1.667,1.046,NA
Ro,NZ,W,RoNZWC,RoNZWC2,LU,L3,2019,2.314,0.844,7777
Ro,UK,G,RoUKGB,RoUKGB4,LU,L3,2018,1.300,1.026,NA
Ro,NZ,C,RoNZCA,RoNZCA5,LU,L2,2018,0.590,0.998,NA
Ro,NZ,C,RoNZCA,RoNZCA5,LU,L1,2018,0.590,1.591,NA
Ro,NZ,W,RoNZWC,RoNZWC2,LU,L2,2019,2.314,1.066,8320
Ro,NZ,S,RoNZSA,RoNZSA6,LU,L1,2019,2.379,0.928,2017
Ro,NZ,W,RoNZWC,RoNZWC4,LU,L2,2018,1.717,1.003,NA
Ro,NZ,C,RoNZCA,RoNZCA7,LU,L1,2019,0.752,0.940,10939
Ro,NZ,C,RoNZCA,RoNZCA7,LU,L2,2019,0.752,0.587,1833
Ro,NZ,S,RoNZSA,RoNZSA8,LU,L2,2019,1.558,1.543,15024
Ro,UK,Cw,RoUKCwD,RoUKCwD4,LU,L3,2019,1.231,0.552,3527
Ro,NZ,S,RoNZSA,RoNZSA9,LU,L1,2018,0.888,1.203,NA
Ro,NZ,S,RoNZSA,RoNZSA9,LU,L2,2019,0.888,0.783,3629
Ro,NZ,W,RoNZWB,RoNZWB3,LU,L2,2018,1.815,0.928,NA
Ro,NZ,C,RoNZCA,RoNZCA9,LU,L2,2018,0.830,1.157,NA
Ro,NZ,S,RoNZSA,RoNZSA9,LU,L2,2018,0.888,0.608,NA
Ro,NZ,W,RoNZWD,RoNZWD1,LU,L3,2019,1.733,1.232,18821
Ro,NZ,S,RoNZSD,RoNZSD4,LU,L1,2018,0.719,1.373,NA
Ro,NZ,S,RoNZSD,RoNZSD5,LU,L1,2019,1.077,1.518,18995
Ro,NZ,S,RoNZSB,RoNZSB5,LU,L2,2018,1.262,0.974,NA
Ro,NZ,W,RoNZWD,RoNZWD5,LU,L3,2018,1.763,0.930,NA
Ro,NZ,S,RoNZSB,RoNZSB5,LU,L1,2019,1.262,0.645,NA
Ro,UK,Cw,RoUKCwB,RoUKCwB10,LU,L2,2019,1.952,0.784,183
Ro,NZ,W,RoNZWD,RoNZWD5,LU,L3,2019,1.763,0.817,1761
Ro,NZ,S,RoNZSB,RoNZSB5,LU,L3,2018,1.262,1.033,NA
Ro,NZ,W,RoNZWD,RoNZWD7,LU,L2,2019,2.159,0.899,9539
Ro,UK,G,RoUKGD,RoUKGD3,LU,L1,2019,1.667,0.758,574
Ro,NZ,S,RoNZSA,RoNZSA5,LU,L2,2018,1.600,0.993,NA
Ro,UK,G,RoUKGA,RoUKGA4,LU,L1,2019,2.281,2.249,52486
Ro,UK,G,RoUKGA,RoUKGA5,LU,L3,2018,1.500,0.498,NA
Ro,UK,G,RoUKGA,RoUKGA5,LU,L1,2018,1.500,1.298,NA
Ro,UK,G,RoUKGA,RoUKGA5,LU,L1,2019,1.500,0.496,1945
Ro,NZ,C,RoNZCC,RoNZCC3,LU,L1,2018,2.259,0.756,NA
Ro,NZ,W,RoNZWC,RoNZWC4,LU,L2,2019,1.717,0.654,2401
Ro,NZ,C,RoNZCC,RoNZCC5,LU,L1,2018,2.186,1.128,NA
Ro,UK,G,RoUKGB,RoUKGB1,LU,L2,2018,1.813,1.294,NA
Ro,UK,G,RoUKGB,RoUKGB1,LU,L2,2019,1.813,0.583,624
Ro,UK,Cw,RoUKCwB,RoUKCwB9,LU,L1,2019,2.000,2.442,19932
Ro,UK,Cb,RoUKCbB,RoUKCbB2,LU,L3,2019,1.111,1.267,14872
Ro,UK,G,RoUKGB,RoUKGB2,LU,L1,2019,2.346,1.448,74744
Ro,UK,G,RoUKGB,RoUKGB2,LU,L2,2019,2.346,1.867,NA
Ro,UK,Cb,RoUKCbB,RoUKCbB2,LU,L1,2019,1.111,1.435,NA
Ro,NZ,C,RoNZCD,RoNZCD2,LU,L2,2018,0.500,1.325,NA
Ro,UK,G,RoUKGB,RoUKGB3,LU,L1,2018,1.385,0.998,NA
Ro,UK,Cb,RoUKCbB,RoUKCbB3,LU,L2,2018,1.188,0.950,NA
Ro,NZ,S,RoNZSB,RoNZSB4,LU,L1,2018,1.500,0.839,NA
Ro,UK,Cb,RoUKCbB,RoUKCbB3,LU,L1,2018,1.188,1.085,NA
Ro,UK,Cb,RoUKCbB,RoUKCbB3,LU,L1,2019,1.188,0.692,3073
Ro,UK,Cb,RoUKCbB,RoUKCbB4,LU,L1,2018,1.923,0.688,NA
Ro,UK,Cb,RoUKCbB,RoUKCbB4,LU,L1,2019,1.923,0.940,2857
Ro,UK,G,RoUKGB,RoUKGB3,LU,L2,2018,1.385,0.627,NA
Ro,NZ,S,RoNZSD,RoNZSD6,LU,L2,2018,1.312,0.959,NA
Ro,UK,Cb,RoUKCbB,RoUKCbB4,LU,L2,2018,1.923,1.061,NA
Ro,UK,Cb,RoUKCbB,RoUKCbB5,LU,L1,2018,1.417,1.221,NA
Ro,NZ,W,RoNZWD,RoNZWD7,LU,L1,2019,2.159,1.309,6551
Ro,UK,G,RoUKGB,RoUKGB4,LU,L2,2018,1.300,1.103,NA
Ro,UK,Cw,RoUKCwD,RoUKCwD1,LU,L3,2018,1.409,1.109,NA
Ro,UK,Cb,RoUKCbC,RoUKCbC1,LU,L2,2018,1.850,0.982,NA
Ro,UK,G,RoUKGB,RoUKGB5,LU,L1,2018,1.281,1.138,NA
Ro,UK,Cb,RoUKCbC,RoUKCbC1,LU,L3,2018,1.850,1.060,NA
Ro,UK,G,RoUKGB,RoUKGB5,LU,L3,2019,1.281,1.010,2995
Ro,UK,Cb,RoUKCbC,RoUKCbC2,LU,L1,2018,2.583,0.743,NA
Ro,UK,Cb,RoUKCbC,RoUKCbC3,LU,L2,2019,1.917,2.527,4498
Ro,UK,Cw,RoUKCwD,RoUKCwD3,LU,L1,2019,1.522,0.427,NA
Ro,UK,Cb,RoUKCbC,RoUKCbC3,LU,L3,2019,1.917,1.318,NA
Ro,UK,Cb,RoUKCbC,RoUKCbC4,LU,L2,2018,2.136,1.341,NA
Ro,UK,Cb,RoUKCbC,RoUKCbC4,LU,L2,2019,2.136,1.551,10365
Ro,UK,G,RoUKGB,RoUKGB1,LU,L1,2018,1.813,1.452,NA
Ro,UK,Cw,RoUKCwD,RoUKCwD5,LU,L1,2018,1.138,1.412,NA
Ro,UK,Cb,RoUKCbC,RoUKCbC5,LU,L3,2018,2.810,1.287,NA
Ro,UK,Cb,RoUKCbC,RoUKCbC5,LU,L1,2019,2.810,0.763,NA
Ro,UK,Cb,RoUKCbC,RoUKCbC5,LU,L2,2018,2.810,1.070,NA
Ro,UK,Cb,RoUKCbC,RoUKCbC5,LU,L1,2018,2.810,0.887,NA
Ro,UK,G,RoUKGC,RoUKGC3,LU,L1,2019,1.800,1.120,NA
Ro,UK,G,RoUKGC,RoUKGC5,LU,L1,2018,1.594,1.187,NA
Ro,UK,Cb,RoUKCbB,RoUKCbB3,LU,L3,2019,1.188,1.184,2400
Ro,UK,Cb,RoUKCbB,RoUKCbB3,LU,L3,2018,1.188,1.113,NA
Ro,UK,G,RoUKGD,RoUKGD1,LU,L2,2019,1.966,2.218,NA
Ro,UK,Cb,RoUKCbD,RoUKCbD3,LU,L2,2019,2.143,0.817,3084
Ro,NZ,W,RoNZWB,RoNZWB4,South,S2,2018,2.100,1.565,NA
Ro,NZ,C,RoNZCA,RoNZCA7,South,S1,2018,0.752,1.818,NA
Ro,UK,Cb,RoUKCbD,RoUKCbD4,South,S1,2018,1.720,1.373,NA
Ro,NZ,C,RoNZCD,RoNZCD10,South,S2,2018,0.633,2.118,NA
Ro,UK,Cb,RoUKCbD,RoUKCbD5,South,S3,2019,2.350,2.454,NA
Ro,NZ,C,RoNZCD,RoNZCD10,South,S2,2019,0.633,1.576,30199
Ro,UK,G,RoUKGD,RoUKGD3,South,S1,2019,1.667,1.655,5591
Ro,NZ,S,RoNZSD,RoNZSD1,South,S2,2019,2.268,1.707,19817
Ro,UK,Cb,RoUKCbD,RoUKCbD4,South,S2,2018,1.720,1.941,NA
Ro,NZ,W,RoNZWC,RoNZWC2,South,S1,2018,2.314,2.267,NA
Ro,UK,Cb,RoUKCbB,RoUKCbB2,South,S1,2018,1.111,1.552,NA
Ro,UK,Cw,RoUKCwD,RoUKCwD10,South,S1,2018,1.538,2.735,NA
Ro,UK,Cw,RoUKCwD,RoUKCwD5,South,S1,2019,1.138,1.863,NA
Ro,UK,Cw,RoUKCwD,RoUKCwD5,South,S1,2018,1.138,2.184,NA
Ro,UK,G,RoUKGA,RoUKGA3,South,S1,2019,1.795,1.651,NA
Ro,UK,G,RoUKGA,RoUKGA4,South,S1,2019,2.281,1.799,23572
Ro,UK,G,RoUKGB,RoUKGB3,South,S1,2018,1.385,2.338,NA
Ro,UK,Cw,RoUKCwB,RoUKCwB4,South,S1,2019,1.652,1.831,56410
Ro,NZ,W,RoNZWC,RoNZWC2,South,S1,2019,2.314,1.628,NA
Ro,NZ,W,RoNZWB,RoNZWB3,South,S1,2019,1.815,1.272,41627
Ro,NZ,W,RoNZWC,RoNZWC3,South,S1,2019,1.915,0.770,10974
Ro,UK,Cb,RoUKCbD,RoUKCbD4,South,S2,2019,1.720,1.651,29079
Ro,NZ,C,RoNZCA,RoNZCA8,South,S1,2019,1.683,1.424,10240
Ro,UK,Cw,RoUKCwA,RoUKCwA5,South,S3,2018,0.958,1.865,NA
Ro,NZ,C,RoNZCB,RoNZCB1,South,S2,2018,0.677,1.664,NA
Ro,UK,G,RoUKGB,RoUKGB3,South,S2,2019,1.385,1.778,NA
Ro,UK,Cw,RoUKCwA,RoUKCwA5,South,S3,2019,0.958,1.708,19413
Ro,UK,Cw,RoUKCwB,RoUKCwB3,South,S1,2019,1.423,1.266,NA
Ro,UK,G,RoUKGB,RoUKGB5,South,S2,2018,1.281,2.514,NA
Ro,UK,Cw,RoUKCwA,RoUKCwA4,South,S2,2019,0.920,1.694,NA
Ro,UK,Cb,RoUKCbB,RoUKCbB1,South,S1,2019,1.731,1.902,NA
Ro,UK,Cw,RoUKCwD,RoUKCwD4,South,S3,2019,1.231,1.889,NA
Ro,UK,Cb,RoUKCbB,RoUKCbB2,South,S1,2019,1.111,1.281,NA
Ro,UK,G,RoUKGB,RoUKGB2,South,S2,2019,2.346,2.126,NA
Ro,UK,Cw,RoUKCwC,RoUKCwC2,South,S1,2019,2.150,1.654,NA
Ro,NZ,S,RoNZSB,RoNZSB2,South,S1,2019,1.300,1.621,10641
Ro,UK,G,RoUKGA,RoUKGA1,South,S1,2018,1.783,2.594,NA
Ro,UK,G,RoUKGA,RoUKGA1,South,S1,2019,1.783,2.242,23218
Ro,NZ,W,RoNZWB,RoNZWB5,South,S1,2018,1.880,1.584,NA
Ro,UK,G,RoUKGA,RoUKGA2,South,S1,2019,1.929,1.932,20784
Ro,UK,Cw,RoUKCwC,RoUKCwC6,South,S1,2019,1.955,2.051,NA
Ro,UK,G,RoUKGB,RoUKGB4,South,S2,2019,1.300,2.104,NA
Ro,UK,Cb,RoUKCbC,RoUKCbC1,South,S1,2019,1.850,1.782,41974
Ro,UK,Cw,RoUKCwD,RoUKCwD10,South,S1,2019,1.538,1.566,1286
Ro,NZ,S,RoNZSC,RoNZSC8,South,S1,2018,2.576,2.466,NA
Ro,NZ,W,RoNZWB,RoNZWB2,South,S1,2018,1.753,1.929,NA
Ro,NZ,W,RoNZWB,RoNZWB2,South,S1,2019,1.753,1.399,1523
Ro,UK,Cw,RoUKCwC,RoUKCwC1,South,S1,2019,2.190,2.017,33031
Ro,NZ,W,RoNZWB,RoNZWB3,South,S1,2018,1.815,2.301,NA
Ro,UK,Cb,RoUKCbC,RoUKCbC5,South,S2,2019,2.810,2.406,NA
Ro,NZ,W,RoNZWB,RoNZWB4,South,S2,2019,2.100,1.240,NA
Ro,NZ,S,RoNZSB,RoNZSB2,South,S2,2018,1.300,2.402,NA
Ro,NZ,C,RoNZCA,RoNZCA5,South,S1,2018,0.590,1.737,NA
Ro,NZ,S,RoNZSB,RoNZSB1,South,S1,2019,1.309,1.176,53296
Ro,NZ,S,RoNZSC,RoNZSC1,South,S2,2019,1.823,1.427,NA
Ro,NZ,S,RoNZSC,RoNZSC9,South,S1,2019,2.019,2.045,NA
Ro,UK,G,RoUKGB,RoUKGB3,South,S1,2019,1.385,1.903,NA
Ro,UK,G,RoUKGD,RoUKGD1,South,S3,2018,1.966,2.386,NA
Ro,NZ,W,RoNZWC,RoNZWC5,South,S1,2018,1.610,2.138,NA
Ro,NZ,W,RoNZWC,RoNZWC5,South,S1,2019,1.610,1.012,NA
Ro,UK,Cw,RoUKCwC,RoUKCwC2,South,S3,2019,2.150,1.884,51178
Ro,NZ,S,RoNZSB,RoNZSB2,South,S2,2019,1.300,1.824,11602
Ro,UK,G,RoUKGB,RoUKGB1,South,S1,2019,1.813,2.350,14238
Ro,UK,G,RoUKGB,RoUKGB4,South,S1,2019,1.300,1.671,15948
Ro,NZ,S,RoNZSC,RoNZSC1,West,W2,2018,1.823,2.080,NA
Ro,NZ,C,RoNZCA,RoNZCA4,West,W2,2019,0.638,2.010,NA
Ro,NZ,S,RoNZSB,RoNZSB5,West,W1,2019,1.262,1.478,31625
Ro,UK,Cb,RoUKCbD,RoUKCbD5,West,W2,2018,2.350,1.999,NA
Ro,NZ,C,RoNZCA,RoNZCA7,West,W3,2018,0.752,1.467,NA
Ro,NZ,W,RoNZWC,RoNZWC4,West,W2,2018,1.717,1.983,NA
Ro,UK,G,RoUKGD,RoUKGD4,West,W3,2019,1.739,1.100,NA
Ro,UK,Cw,RoUKCwA,RoUKCwA5,West,W2,2018,0.958,1.734,NA
Ro,UK,Cw,RoUKCwA,RoUKCwA1,West,W1,2018,1.526,1.538,NA
Ro,NZ,W,RoNZWB,RoNZWB1,West,W1,2018,2.078,1.735,NA
Ro,UK,G,RoUKGD,RoUKGD4,West,W3,2018,1.739,1.400,NA
Ro,NZ,S,RoNZSD,RoNZSD1,West,W3,2019,2.268,1.701,5242
Ro,UK,Cb,RoUKCbD,RoUKCbD3,West,W3,2019,2.143,1.942,43123
Ro,NZ,C,RoNZCB,RoNZCB4,West,W3,2018,1.906,1.660,NA
Ro,NZ,C,RoNZCC,RoNZCC2,West,W3,2019,2.305,1.794,NA
Ro,NZ,W,RoNZWC,RoNZWC3,West,W1,2019,1.915,1.982,9686
Ro,NZ,C,RoNZCC,RoNZCC10,West,W3,2018,1.352,1.400,NA
Ro,NZ,C,RoNZCC,RoNZCC10,West,W1,2019,1.352,1.798,33872
Ro,UK,Cw,RoUKCwC,RoUKCwC2,West,W1,2019,2.150,2.010,49056
Ro,UK,Cw,RoUKCwA,RoUKCwA10,West,W1,2019,1.263,1.805,14471
Ro,NZ,S,RoNZSA,RoNZSA8,West,W3,2019,1.558,1.909,86832
Ro,NZ,C,RoNZCD,RoNZCD3,West,W1,2018,0.463,1.731,NA
Ro,NZ,C,RoNZCB,RoNZCB9,West,W1,2018,1.148,1.682,NA
Ro,NZ,C,RoNZCD,RoNZCD4,West,W1,2018,0.768,1.711,NA
Ro,NZ,C,RoNZCA,RoNZCA4,West,W3,2018,0.638,1.737,NA
Ro,NZ,C,RoNZCC,RoNZCC5,West,W2,2019,2.186,1.272,45443
Ro,UK,Cw,RoUKCwC,RoUKCwC1,West,W3,2019,2.190,2.041,58290
Ro,UK,Cw,RoUKCwC,RoUKCwC2,West,W3,2019,2.150,2.220,45965
Ro,NZ,C,RoNZCD,RoNZCD10,West,W1,2018,0.633,1.358,NA
Ro,NZ,C,RoNZCC,RoNZCC5,West,W3,2019,2.186,1.612,7715
Ro,NZ,W,RoNZWD,RoNZWD2,West,W1,2019,2.274,1.651,39226
Ro,UK,G,RoUKGA,RoUKGA1,West,W1,2019,1.783,2.281,17266
Ro,UK,G,RoUKGA,RoUKGA2,West,W1,2019,1.929,2.493,6485
Ro,NZ,C,RoNZCB,RoNZCB9,West,W2,2019,1.148,1.842,7763
Ro,NZ,C,RoNZCD,RoNZCD9,West,W1,2018,0.633,1.660,NA
Ro,NZ,C,RoNZCC,RoNZCC10,West,W2,2018,1.352,2.201,NA
Ro,UK,Cw,RoUKCwB,RoUKCwB4,West,W1,2019,1.652,1.263,14275
Ro,NZ,C,RoNZCC,RoNZCC5,West,W3,2018,2.186,2.062,NA
Ro,NZ,S,RoNZSC,RoNZSC8,West,W2,2019,2.576,2.132,29999
Ro,NZ,C,RoNZCA,RoNZCA7,West,W3,2019,0.752,1.433,42744
Ro,NZ,S,RoNZSC,RoNZSC9,West,W3,2018,2.019,1.637,NA
Ro,UK,Cw,RoUKCwC,RoUKCwC4,West,W2,2019,1.615,1.301,9307
Ro,NZ,C,RoNZCB,RoNZCB8,West,W1,2018,0.525,2.138,NA
Ro,UK,G,RoUKGD,RoUKGD2,West,W1,2018,1.559,1.673,NA
Ro,UK,Cw,RoUKCwB,RoUKCwB3,West,W3,2018,1.423,1.879,NA
Ro,NZ,S,RoNZSA,RoNZSA5,West,W1,2019,1.600,1.668,43676
Ro,NZ,C,RoNZCA,RoNZCA5,West,W3,2018,0.590,1.421,NA
Ro,NZ,S,RoNZSA,RoNZSA7,West,W3,2018,1.495,1.523,NA
Ro,NZ,W,RoNZWC,RoNZWC4,West,W2,2019,1.717,1.376,NA
Ro,NZ,C,RoNZCC,RoNZCC6,West,W2,2018,2.555,2.595,NA
Ro,NZ,S,RoNZSC,RoNZSC8,West,W3,2019,2.576,2.064,15781
Ro,NZ,C,RoNZCA,RoNZCA9,West,W3,2018,0.830,1.486,NA
Ro,NZ,W,RoNZWB,RoNZWB4,West,W1,2019,2.100,1.719,4976
Ro,NZ,S,RoNZSB,RoNZSB2,West,W1,2018,1.300,1.331,NA
Ro,NZ,C,RoNZCB,RoNZCB4,West,W2,2018,1.906,2.424,NA
Ro,NZ,S,RoNZSB,RoNZSB5,West,W2,2019,1.262,1.725,NA
Ro,NZ,W,RoNZWD,RoNZWD6,West,W1,2019,1.711,1.328,NA
Ro,NZ,W,RoNZWD,RoNZWD7,West,W2,2019,2.159,1.572,NA
Ro,UK,Cw,RoUKCwB,RoUKCwB3,West,W2,2019,1.423,1.705,NA
Ro,UK,G,RoUKGA,RoUKGA4,West,W3,2019,2.281,1.813,35014
Ro,UK,Cb,RoUKCbD,RoUKCbD4,West,W1,2019,1.720,2.003,NA
Ro,UK,Cw,RoUKCwB,RoUKCwB4,West,W2,2019,1.652,1.926,73283
Ro,NZ,S,RoNZSA,RoNZSA6,West,W2,2018,2.379,1.994,NA
Ro,UK,Cb,RoUKCbA,RoUKCbA4,West,W3,2018,1.158,1.813,NA
Ro,NZ,S,RoNZSC,RoNZSC4,West,W3,2019,2.218,1.783,58764
Ro,UK,Cw,RoUKCwA,RoUKCwA4,West,W1,2018,0.920,1.768,NA
Ro,UK,Cw,RoUKCwC,RoUKCwC1,West,W2,2019,2.190,1.224,NA
Ro,UK,Cw,RoUKCwD,RoUKCwD5,West,W3,2019,1.138,1.527,35067
Ro,NZ,W,RoNZWB,RoNZWB3,West,W3,2019,1.815,2.105,NA
Ro,UK,Cb,RoUKCbB,RoUKCbB2,West,W1,2018,1.111,1.096,NA
Ro,NZ,S,RoNZSD,RoNZSD2,West,W3,2018,0.744,1.635,NA
Ro,UK,Cw,RoUKCwB,RoUKCwB1,West,W2,2018,1.346,2.336,NA
Ro,NZ,C,RoNZCB,RoNZCB4,West,W2,2019,1.906,1.957,6701
Ro,NZ,C,RoNZCB,RoNZCB5,West,W1,2018,0.624,2.154,NA
Ro,UK,G,RoUKGB,RoUKGB3,West,W2,2019,1.385,1.754,14494
Ro,UK,G,RoUKGB,RoUKGB3,West,W1,2019,1.385,1.934,NA
Ro,UK,Cb,RoUKCbB,RoUKCbB5,West,W3,2018,1.417,1.625,NA
Ro,NZ,W,RoNZWA,RoNZWA1,West,W1,2018,2.081,1.144,NA
Ro,UK,G,RoUKGA,RoUKGA4,West,W2,2019,2.281,1.784,32997
Ro,NZ,C,RoNZCC,RoNZCC2,West,W1,2018,2.305,1.850,NA
Ro,UK,Cb,RoUKCbC,RoUKCbC1,West,W3,2018,1.850,1.492,NA
Ro,NZ,W,RoNZWB,RoNZWB1,West,W3,2019,2.078,1.565,NA
Ro,NZ,S,RoNZSA,RoNZSA7,West,W2,2019,1.495,1.570,132077
Ro,UK,G,RoUKGB,RoUKGB1,West,W1,2019,1.813,1.802,54395
Ro,NZ,C,RoNZCA,RoNZCA8,West,W3,2018,1.683,1.900,NA
Ro,NZ,S,RoNZSA,RoNZSA9,West,W2,2018,0.888,1.648,NA
Ro,UK,Cb,RoUKCbC,RoUKCbC5,West,W3,2018,2.810,1.836,NA
Ro,UK,G,RoUKGC,RoUKGC2,West,W1,2019,1.444,1.491,NA
Ro,UK,G,RoUKGC,RoUKGC3,West,W1,2019,1.800,1.498,152952
Ro,NZ,W,RoNZWB,RoNZWB4,West,W3,2018,2.100,1.633,NA
Ro,NZ,S,RoNZSD,RoNZSD4,West,W3,2018,0.719,1.510,NA
Ro,NZ,W,RoNZWD,RoNZWD2,West,W3,2019,2.274,1.526,NA
Ro,NZ,S,RoNZSB,RoNZSB5,West,W2,2018,1.262,1.986,NA
Ro,NZ,W,RoNZWC,RoNZWC1,West,W3,2019,1.704,1.585,NA
Ro,UK,Cw,RoUKCwB,RoUKCwB3,West,W3,2019,1.423,1.825,5522
Ro,UK,G,RoUKGA,RoUKGA3,West,W3,2018,1.795,1.401,NA
Ro,NZ,W,RoNZWD,RoNZWD7,West,W3,2019,2.159,2.000,5669
Ro,NZ,S,RoNZSC,RoNZSC1,West,W2,2019,1.823,1.864,4859
Ro,NZ,W,RoNZWC,RoNZWC2,West,W3,2018,2.314,1.927,NA
Ro,NZ,S,RoNZSA,RoNZSA5,West,W3,2018,1.600,1.763,NA
Ro,NZ,S,RoNZSC,RoNZSC3,West,W2,2018,2.629,2.235,NA
Ro,UK,Cw,RoUKCwB,RoUKCwB9,West,W2,2019,2.000,1.344,6200
Ro,UK,G,RoUKGB,RoUKGB1,West,W2,2019,1.813,1.819,NA
Ro,UK,Cw,RoUKCwA,RoUKCwA4,West,W1,2019,0.920,1.894,NA
Ro,NZ,W,RoNZWB,RoNZWB3,West,W1,2019,1.815,1.776,NA
Ro,UK,G,RoUKGC,RoUKGC2,West,W1,2018,1.444,2.161,NA
Ro,NZ,W,RoNZWD,RoNZWD1,West,W2,2018,1.733,1.272,NA
Ro,NZ,W,RoNZWD,RoNZWD1,West,W3,2018,1.733,1.294,NA
Ro,UK,Cw,RoUKCwC,RoUKCwC4,West,W3,2019,1.615,1.382,6546
Ro,UK,Cw,RoUKCwB,RoUKCwB1,West,W2,2019,1.346,1.450,5217
Ro,NZ,C,RoNZCB,RoNZCB4,West,W3,2019,1.906,1.728,5083
Ro,UK,G,RoUKGA,RoUKGA2,West,W2,2019,1.929,2.132,NA
Ro,NZ,W,RoNZWD,RoNZWD6,West,W2,2019,1.711,1.677,19079
Ro,UK,G,RoUKGD,RoUKGD1,West,W2,2019,1.966,1.817,NA
Ro,UK,Cb,RoUKCbD,RoUKCbD2,West,W2,2019,1.870,1.648,NA
Ro,NZ,S,RoNZSD,RoNZSD6,West,W3,2018,1.312,1.838,NA
Ro,UK,Cw,RoUKCwC,RoUKCwC6,West,W1,2019,1.955,1.876,127843
Ro,UK,Cb,RoUKCbA,RoUKCbA1,West,W3,2019,1.391,1.531,34628
Ro,NZ,S,RoNZSC,RoNZSC3,West,W3,2018,2.629,1.403,NA
Ro,NZ,S,RoNZSC,RoNZSC3,West,W2,2019,2.629,2.072,8217
Ro,UK,Cb,RoUKCbA,RoUKCbA3,West,W3,2018,2.065,1.472,NA
Ro,UK,G,RoUKGB,RoUKGB5,West,W2,2019,1.281,1.675,8169
Ro,NZ,S,RoNZSC,RoNZSC8,West,W3,2018,2.576,0.538,NA
Ro,NZ,W,RoNZWC,RoNZWC5,West,W2,2018,1.610,1.992,NA
Ro,UK,Cw,RoUKCwD,RoUKCwD4,West,W1,2018,1.231,1.923,NA
Ro,NZ,S,RoNZSA,RoNZSA9,West,W2,2019,0.888,1.244,NA
Ro,UK,Cb,RoUKCbB,RoUKCbB4,West,W2,2018,1.923,2.374,NA
Ro,NZ,W,RoNZWB,RoNZWB4,West,W3,2019,2.100,1.871,NA
Ro,NZ,W,RoNZWD,RoNZWD2,West,W2,2019,2.274,1.685,113514
Ro,NZ,W,RoNZWB,RoNZWB4,West,W2,2019,2.100,2.090,16501
Ro,UK,Cb,RoUKCbD,RoUKCbD1,West,W3,2019,1.750,1.350,NA
Ro,UK,Cw,RoUKCwC,RoUKCwC5,West,W3,2019,2.045,2.518,87035
Ro,NZ,W,RoNZWD,RoNZWD5,West,W3,2019,1.763,1.627,82343
Ro,NZ,W,RoNZWD,RoNZWD5,West,W1,2019,1.763,1.591,20110
Ro,NZ,S,RoNZSD,RoNZSD5,West,W3,2019,1.077,1.529,6734
Ro,UK,Cb,RoUKCbB,RoUKCbB4,West,W3,2018,1.923,1.220,NA
Ro,NZ,C,RoNZCC,RoNZCC3,West,W2,2018,2.259,1.270,NA
Ro,NZ,W,RoNZWC,RoNZWC1,West,W3,2018,1.704,0.884,NA
Ro,UK,Cw,RoUKCwC,RoUKCwC6,West,W3,2019,1.955,1.727,94037
Ro,UK,G,RoUKGB,RoUKGB4,West,W3,2019,1.300,1.696,72482
Ro,NZ,W,RoNZWA,RoNZWA2,West,W1,2018,1.769,1.679,NA
Ro,UK,Cw,RoUKCwD,RoUKCwD10,West,W1,2019,1.538,2.036,5315
Ro,NZ,S,RoNZSA,RoNZSA6,West,W2,2019,2.379,1.669,6228
Ro,NZ,W,RoNZWC,RoNZWC3,West,W1,2018,1.915,1.874,NA
Ro,UK,G,RoUKGD,RoUKGD1,West,W3,2019,1.966,2.236,4394
Ro,UK,Cb,RoUKCbD,RoUKCbD3,West,W1,2019,2.143,2.087,NA
Ro,NZ,S,RoNZSA,RoNZSA7,West,W1,2018,1.495,1.487,NA
Ro,UK,Cw,RoUKCwB,RoUKCwB9,West,W3,2018,2.000,1.337,NA
Ro,NZ,C,RoNZCC,RoNZCC6,West,W3,2018,2.555,1.563,NA
Ro,UK,Cw,RoUKCwC,RoUKCwC1,West,W2,2018,2.190,1.523,NA
Ro,NZ,S,RoNZSA,RoNZSA8,West,W2,2018,1.558,1.746,NA
Ro,NZ,W,RoNZWC,RoNZWC5,West,W2,2019,1.610,1.811,1911
Ro,UK,Cb,RoUKCbB,RoUKCbB1,West,W3,2018,1.731,1.630,NA
Ro,UK,G,RoUKGB,RoUKGB3,West,W3,2019,1.385,1.410,11896
Ro,UK,G,RoUKGD,RoUKGD1,West,W3,2018,1.966,1.989,NA
Ro,NZ,C,RoNZCA,RoNZCA5,West,W2,2018,0.590,1.629,NA
Ro,UK,Cw,RoUKCwD,RoUKCwD10,West,W1,2018,1.538,2.209,NA
Ro,UK,G,RoUKGC,RoUKGC4,West,W1,2018,1.600,1.713,NA
Ro,NZ,C,RoNZCD,RoNZCD2,West,W1,2018,0.500,1.770,NA
Ro,UK,Cw,RoUKCwB,RoUKCwB1,West,W3,2019,1.346,1.217,92834
Ro,NZ,S,RoNZSD,RoNZSD5,West,W1,2019,1.077,1.644,NA
Ro,UK,G,RoUKGD,RoUKGD5,West,W1,2019,1.387,1.593,12979
Ro,UK,G,RoUKGA,RoUKGA2,West,W1,2018,1.929,1.903,NA
Ro,UK,Cb,RoUKCbA,RoUKCbA2,West,W2,2018,1.810,1.868,NA
Ro,UK,Cb,RoUKCbB,RoUKCbB4,West,W2,2019,1.923,1.720,6138
Ro,UK,Cw,RoUKCwD,RoUKCwD3,West,W1,2019,1.522,1.514,NA
Ro,UK,G,RoUKGB,RoUKGB4,West,W2,2018,1.300,2.377,NA
Ro,NZ,S,RoNZSA,RoNZSA5,West,W2,2018,1.600,1.657,NA
Ro,UK,Cb,RoUKCbC,RoUKCbC4,West,W3,2018,2.136,1.545,NA
Ro,UK,Cw,RoUKCwB,RoUKCwB10,West,W1,2018,1.952,1.441,NA
Ro,UK,G,RoUKGB,RoUKGB4,West,W2,2019,1.300,1.871,NA
Ro,UK,G,RoUKGA,RoUKGA5,West,W1,2019,1.500,2.003,NA
Ro,UK,Cb,RoUKCbB,RoUKCbB2,West,W3,2019,1.111,1.643,72123
Ro,UK,Cb,RoUKCbB,RoUKCbB3,West,W2,2019,1.188,1.309,18121
Ro,UK,G,RoUKGB,RoUKGB1,West,W3,2018,1.813,1.573,NA
Ro,UK,Cb,RoUKCbA,RoUKCbA1,West,W3,2018,1.391,1.685,NA
Ro,NZ,W,RoNZWB,RoNZWB5,West,W3,2019,1.880,1.337,32847
Ro,UK,G,RoUKGB,RoUKGB3,West,W2,2018,1.385,2.259,NA
Ro,UK,Cb,RoUKCbD,RoUKCbD2,West,W1,2019,1.870,1.854,41759
Ro,NZ,S,RoNZSD,RoNZSD2,West,W2,2019,0.744,1.912,5435
Ro,UK,Cb,RoUKCbC,RoUKCbC3,West,W1,2019,1.917,1.667,NA
Ro,UK,Cw,RoUKCwD,RoUKCwD3,West,W2,2019,1.522,2.069,87651
Ro,UK,Cb,RoUKCbD,RoUKCbD1,West,W1,2019,1.750,1.082,NA
Ro,UK,Cw,RoUKCwB,RoUKCwB4,West,W3,2019,1.652,2.013,38545
Ro,NZ,S,RoNZSD,RoNZSD5,West,W3,2018,1.077,1.014,NA
Ro,NZ,C,RoNZCA,RoNZCA7,West,W2,2018,0.752,1.499,NA
Ro,UK,Cw,RoUKCwC,RoUKCwC5,West,W1,2019,2.045,2.326,96624
Ro,UK,G,RoUKGB,RoUKGB2,West,W2,2019,2.346,2.362,NA
Ro,UK,Cb,RoUKCbB,RoUKCbB3,West,W3,2018,1.188,1.611,NA
Ro,UK,Cb,RoUKCbC,RoUKCbC3,West,W3,2018,1.917,2.914,NA
Ro,UK,G,RoUKGB,RoUKGB5,West,W2,2018,1.281,1.659,NA
Ro,NZ,S,RoNZSC,RoNZSC8,West,W1,2018,2.576,2.264,NA
